Wall time,Step,Value
1535270339.7084985,0,0.8168646097183228
1535270343.610473,1,0.8797582983970642
1535270347.5277212,2,0.8999842405319214
1535270351.4404702,3,0.9101773500442505
1535270355.3407533,4,0.9180628657341003
1535270359.2531197,5,0.9280874729156494
1535270363.1634436,6,0.9313604831695557
1535270367.0650632,7,0.9363394379615784
1535270370.9791465,8,0.9400092959403992
1535270374.8782892,9,0.9442125558853149
1535270378.7782214,10,0.9469465017318726
1535270382.6756532,11,0.9495094418525696
1535270386.571127,12,0.9501470327377319
1535270390.471668,13,0.9537054300308228
1535270394.3719149,14,0.9551756978034973
1535270398.2728992,15,0.9573206901550293
1535270402.1760254,16,0.9583123922348022
1535270406.0844207,17,0.96017986536026
1535270409.9851596,18,0.9628775715827942
1535270413.8840997,19,0.9637486338615417
1535270417.7855844,20,0.9645823836326599
1535270421.683371,21,0.9655337333679199
1535270425.5877466,22,0.9671273827552795
1535270429.493239,23,0.9677622318267822
1535270433.3902686,24,0.9686862826347351
1535270437.2848225,25,0.9700458645820618
1535270441.1848326,26,0.9706361889839172
1535270445.0850694,27,0.9709230661392212
1535270448.9714448,28,0.9715778231620789
1535270452.8727171,29,0.972629189491272
1535270456.7703094,30,0.9726746678352356
1535270460.6705484,31,0.9737670421600342
1535270464.5739677,32,0.9748641848564148
1535270468.467603,33,0.9737694263458252
1535270472.366892,34,0.9745556116104126
1535270476.268728,35,0.977118194103241
1535270480.1607735,36,0.9767244458198547
1535270484.0608134,37,0.9770516753196716
1535270487.9571304,38,0.9766582250595093
1535270491.8543851,39,0.9780150651931763
1535270495.747018,40,0.9789367318153381
1535270499.634457,41,0.979111909866333
1535270503.5292406,42,0.9796373844146729
1535270507.42567,43,0.9785643219947815
