Wall time,Step,Value
1534425657.1360714,0,0.782158374786377
1534425670.5678735,1,0.8972378373146057
1534425683.135116,2,0.9258245825767517
1534425695.7417114,3,0.9400126338005066
1534425708.4038756,4,0.9470572471618652
1534425721.0413399,5,0.951579749584198
1534425733.7144635,6,0.9566441774368286
1534425746.3728023,7,0.9597145318984985
1534425759.0459783,8,0.9605798125267029
1534425771.716073,9,0.9623817205429077
1534425784.3492458,10,0.9648590087890625
1534425796.9652336,11,0.966308057308197
1534425809.5750093,12,0.9657376408576965
1534425822.103889,13,0.9682291150093079
1534425834.5651286,14,0.9688454866409302
1534425846.9961698,15,0.9687260389328003
1534425859.5235288,16,0.9695459008216858
1534425872.064909,17,0.969453752040863
1534425884.6281962,18,0.9701055884361267
1534425897.2563112,19,0.969354510307312
1534425909.7745945,20,0.9710984230041504
1534425922.1810484,21,0.9694103598594666
1534425934.712181,22,0.9711518287658691
1534425947.2975364,23,0.969441294670105
1534425959.9045386,24,0.9694088697433472
1534425972.5285408,25,0.9670451283454895
1534425985.179844,26,0.9693918824195862
1534425997.8231697,27,0.9683509469032288
1534426010.4578629,28,0.9685994386672974
1534426023.08139,29,0.9688147306442261
1534426035.7319171,30,0.9671143889427185
1534426048.3701622,31,0.9682113528251648
1534426060.8910472,32,0.9660676121711731
1534426073.5366786,33,0.9649228453636169
1534426086.0185945,34,0.9634081125259399
1534426098.5339975,35,0.9645417332649231
1534426110.917417,36,0.9630777835845947
1534426123.4414103,37,0.9636982679367065
1534426135.9528978,38,0.9625436663627625
1534426148.5082285,39,0.961751401424408
1534426161.1207438,40,0.9652134776115417
1534426173.6250832,41,0.9622167944908142
1534426186.0255914,42,0.9628742933273315
1534426198.5612092,43,0.9607014656066895
1534426211.1449394,44,0.957058310508728
1534426223.7362244,45,0.9587200880050659
1534426236.358346,46,0.9514514207839966
1534426248.9689286,47,0.9563499093055725
1534426261.623165,48,0.9540537595748901
